蔡端,男
蔡国芳,女
蔡瑞玲,女
蔡土忠,男
蔡志添,男
岑有繁,男
陈合,男
陈娟,女
陈娟,女
陈案,男
陈成光,男
陈成绩,男
陈大绸,女
陈德基,男
陈东,女
陈奋仙,女
陈关易,男
陈慧光,男
陈嘉嘉,女
陈锦梅,女
陈景才,男
陈利基,男
陈柳凤,女
陈仁立,男
陈日荣,男
陈伟杰,女
陈献武,男
陈小菊,女
陈小玲,女
陈晓晴,女
陈晓燕,女
陈秀兴,女
陈彦成,男
陈裕满,男
陈月兰,女
陈仲盈,男
陈祝莲,女
戴结余,男
戴尚篇,男
戴祥寿,男
戴宗翰,男
邓金,男
邓仙喜,女
方良锋,男
冯广信,男
冯瑞月,女
冯先甫,男
冯先格,女
冯元军,男
傅彩霞,女
高丽花,女
关伟,男
关开探,男
关天配,男
关雄锋,男
关英华,女
郭师君,女
何科辉,男
何水娣,女
何月换,女
洪小玲,女
胡红英,女
胡明兰,女
胡小芬,女
黄炳瑜,男
黄赤平,女
黄敦发,男
黄丽丝,女
黄瑞登,男
江求新,女
江绍俏,女
江选艺,男
江雪英,女
孔庆霞,女
赖蔡仙,女
赖和全,男
黎丽娴,女
黎玉庭,女
李彩萍,女
李彩燕,女
李德水,男
李观友,男
李群新,女
李绍庆,男
李世泳,男
李廷洁,女
李学雪,女
梁真,男
梁德康,男
梁辑奋,女
梁锦珍,女
梁小玲,女
梁秀兰,女
梁贻勉,男
梁贻信,男
梁战程,男
廖德珍,女
廖水英,女
廖杏来,男
廖秀文,男
林碧莲,女
林日新,男
林喜到,女
林彦清,女
林月云,女
刘海,男
刘岚,男
刘邦翠,女
刘金石,男
刘太习,男
卢飞蓉,女
卢观妹,女
卢伙兴,男
卢显雄,男
卢秀莲,女
罗焕霞,女
欧翠芳,女
邱创锦,男
邱文尚,男
邵永向,女
申常见,男
司徒钢,男
苏清池,男
孙理生,男
谭理明,男
谭水允,男
谭小平,女
陶业泉,男
汪莲,女
王里闪,女
王明辑,女
王明招,女
王启昶,男
王世国,男
王世增,男
王文勇,男
王熙团,女
翁大玲,女
巫礼明,男
吴冰华,女
吴丽霞,女
吴罗福,男
吴少芬,女
吴太机,男
谢永,男
谢家彩,女
谢健英,女
谢金凤,女
谢汝胜,男
谢卫国,男
谢秀梅,女
徐超颖,男
徐加连,男
徐若冰,女
徐胜锋,男
徐兆新,男
许德乐,男
许金花,女
许少清,女
许杏梅,女
许永河,女
杨秋云,女
姚勇,男
姚紫,女
姚德权,男
姚红乐,女
姚计赏,男
姚健萍,女
姚丽芳,女
姚汝霞,女
姚水连,女
姚兆瑜,男
叶森,男
叶劲激,女
叶梅青,女
叶有齐,男
余泽柳,女
袁振宇,男
曾昭永,男
张加,男
张成秀,男
张广练,男
张加冰,女
张仕勇,男
周兰芳,女
卓福,男
卓创业,男
