王未央,何冬雅,李正花,宋爱平,周彩屏,周建萍
胡彩君,徐宏萍,贾春瑶,黄玉萍,舒文英,潘爱娟
丁成斌,方炜,王军波,王玉良,王新琦,王培根
叶瑞平,冯华尧,史为康,朱尧龙,刘成代,陈文松
吴吕忠,李生贤,何悟兵,汤国荣,沈红卫,杨伟东
郎承江,林炳伟,董晓翔,钟建平,胡志刚,莫云富
章黎晟,蒋祖云,戴涛,,,
林秀凤,童萍兰,赵英,袁水云,周友芳,施燕絮
楼丽华,王含英,张品花,唐巧丽,朱雪云,周双庆
王彩玉,张根梅,黄旭东,史利忠,戴明明,陈建业
俞燕明,张文表,金梁,许国响,陈瑞林,杨立人
黄振昭,毛伟明,刘国进,吴樟荣,杨志军,何京武
骆宇新,朱忠斌,俞宏炜,王振良,应炳军,石继键
严子良,姜云海,张水耀,严智慧,张辉,郑斐丽
庞伟,林核,陈伟民,陈秋泉,蔡海贵,郑志芬
程燕,吴春萍,张美英,李淑珍,王玫,朱梅光
陈瑞芳,应妙珍,邢兰青,徐伦芝,李方红,王朝霞
李兰娟,吴云清,王彬,陆其昌,严新友,徐勤
丁国权,袁柏青,黄立明,毛建扬,谢小权,竺阳海
王如明,林国平,何光辉,邢力飞,张立明,周国强
史升明,刘春晓,吴晓文,黄振声,周锡文,赵进生
黄才华,王程军,汪晖,姜斌华,宋懿,顾秀凤
夏日长,杨军南,方一文,黄作波,钱乐诚,
毛晓珠,孙振红,占晓静,刘英娇,朱海妹,严萍
李文娟,肖芹,余爱琴,陈宝仙,郑丽萍,张芬芳
骆惠珍,胡素娇,赵雷英,徐丽娟,楼信芳,蒋桂芳
王厚荣,王德华,叶允方,朱平正,何成放,余景华
何方深,杜建平,应晓洪,吕向阳,吴焕斌,杨建标
郑旭华,施新安,张明荣,苏守康,徐初祥,徐星红
龚大昕,黄锦平,曾海滨,潘卫星,梁宏,卢守贵
王江虹,赖巨军,王慧平,王海斌,倪文荣,高红儿
邵美英,李洪波,张卫芳,陈小燕,秦晓玲,邢一江
黄水华,何晓琴,朱小君,黄桂英,楼飞燕,王冰玲
吴劲儿,冯雁云,金雪玲,陈芳珍,陈永兴,陆顺根
夏赶来,孙荣华,王建军,焦文琦,陈营央,王建国
冯贻平,林辉龙,林香银,李斌,苏水长,吴建华
毛金富,项志琦,赵元玮,俞永红,陈彤彤,史美刚
吴飞安,蒋旭夏,王小红,任奕,许卫芳,应可旵
吴建国,谢剑军,项科学,何国强,姚振璋,齐显移
詹葵君,俞荷琴,王亚芬,何美华,陈丹,王一军
方瑛,姜芳娟,盛艳琴,高净,金新姣,陈仙芳
成金英,朱文仙,陈有芳,钱国华,秦峰,孙嘉丰
方健康,胡仁兴,何红飞,俞军,王忠拖,沈小军
吴兰建,李建友,范良东,周永红,柴柏清,夏小军
王文扬,黄深根,金群块,章建祥,洪卫星,陈克斌
王红茹,袁为民,,,,
卢丁时,兰龙兴,叶向光,郑海光,杨素娣,胡鸿章
郑金强,陈晓影,金贤能,郭炳山,蔡福连,李云吾
董文生,贾友棉,杨世达,楼晓良,曾日友,姜纪寿
洪哲成,韩春田,徐勋丰,陈秋均,刘雨土,徐莎根
潘淅,段毛毛,宋蓉莲,刘振泉,李玉萍,蓝爱云
袁子官,吴有明,王爱华,方月平,郦小宁,李朝东
朱章源,赵国虎,沈本天,吴英芳,龚一鸣,洪国庆
楼跃云,邓四英,王兴学,章小强,陈青柳,任东青
贺亚明,崔碧云,严孝伦,吴傲琪,俞继平,陈函女
姚杏玉,,,,,
张建英, 蒋春阳, 张玉飞, 陈美君, 陈新华, 邱云美
朱苏娇, 潘雅芳, 王成意, 施建萍, 姜汝姣, 严华英
余素银, 计丽群, 楼惠萍, 陈海仙, 朱巧云, 吴桂英
方晖, 吴中华, 廖猛, 方德祥, 卢伟弘, 叶江虹
汪建敏, 郑贤斌, 陈立军, 钱明, 金子兴, 张世龙
卢跃军, 王根兴, 汪忠, 倪茂森, 陈小笑, 吕思田
洪秀峰, 洪庆群, 鲍建华, 徐利群,斯丽香, 王汝琴
王绿筠, 王双芽, 方妹, 漏妙娟,余华秀, 周玉英
王丽娟, 应慧英, 杜德洁, 卢雅芳,徐丽萍, 徐向阳
何仙群, 徐周萍, 陈滇敏, 黄宇霞,董永卫, 朱军
毛國友, 郑静江, 陶林贵, 沈宇超,戚兴建, 刘金洪
周荣军, 王旭良, 曹富祥,李峰,蒋晓宏, 徐志红
黄艺解, 吴永斌, 周波, 叶晓森,沈旭阳, 陈樟根
傅以永,陈亚芬, 叶晓红, 胡筱筱, 应美笑, 徐建华
潘晓冬,赵瑾瑾, 骆国平, 金国良, 应敏, 吴爱娟
袁剑萍, 郑菊花, 方春金, 万晓虹, 李涛, 陈彩云
夏炳, 陈东, 周晓伟, 岑建达, 黄习, 李伟
何智良, 马永俊, 黄晨熹, 徐淑伟, 徐祝渔, 斯德斌
张巍斌, 杨炳军, 应小燕, 陈峰巨, 叶晓峰, 许春福
陈岳芳, 许红霞, 杨知未, 潘方平, 陈建明,
郑慧娟, 袁智, 章雪娇, 吴巧红, 朱玉光, 罗竹卿
翁筱姿, 龚云仙, 梁晓灵, 朱爱艳, 俞丽君, 谢振美
童丽华, 沈连英, 钱爱娣, 祝志香, 芮仲家, 黄中伟
俞璐璟, 陈文, 王国良, 舒海雄, 包成明, 郑宏法
李志建, 徐岩明, 罗建国, 胡志伟, 陆建标, 裘洪平
倪伟东, 姜金裕, 谢志军, 颜竹荣, 郑英志, 张秋珍
潘朝华, 陈敏强, 奚泼, 刘珍, 陈鉴, 张庆惠
吴相法, 林启云,,,,
章家莹, 沈琳燕, 杨琴, 邓正华, 尤晶晶, 张巧萍
梁淑敏, 陈红娟, 陈莲香, 叶冬双, 柴敏燕, 崔小燕
谢邦地, 吴月强, 李树健, 查伟荣, 雷建军, 徐光木
祝立春, 赵浩兴, 张文军, 邹黎明, 杜劲松, 项伟星
孟成伟, 陈岳勇, 张小康, 郑岩友, 祝建彪, 陈于平
倪宽, 章新花, 孙丽华, 郭美芬, 徐美秋, 周蕾丽
危雨花, 蒋伟仙, 施雷迅, 吴凌云, 卢跃龙, 何晓弟
徐水根, 毛振法, 吕志开, 徐红卫, 方开, 吕施政
胡服龙, 潘洁群, 施荷芳, 周朝凤, 鲍康强, 朱燕娟
范荷仙, 彭律涛,,,,
袁子官, 王爱华, 吴有明, 方月平, 郦小宁, 李朝东
朱章源, 赵国虎, 沈本天, 吴英芳, 龚一, 洪国庆
楼跃云, 邓四英, 王兴学, 楼晓良, 曾日友, 姜纪寿
洪哲成, 韩春田, 徐勋丰, 陈秋均, 刘雨土, 徐莎根
潘淅, 段毛毛, 宋蓉莲, 刘振泉, 李玉萍, 蓝爱云
卢丁时, 兰龙云, 叶向光, 郑海光, 杨素娣, 胡鸿章
郑金强, 陈晓影, 余贤能, 郭炳山, 蔡福连, 李云吾
董文生, 贾友棉, 杨世达, 章小强, 陈青柳, 任冬青
贺亚明, 崔碧云, 严孝伦, 吴傲琪, 俞继平, 陈函女
姚杏玉, 姚海森,,,,
赵昆,寿月芳,陈红萍,王旭赪,朱懿,袁小利
苏小兵,庄小娟,郑江,屠燕,方建福,邵旭永
周永娣,陈仿珍,张豪,徐亚辉,徐永红,童斌
佘琳,屈琼斐,范晓琳,周宁,梅小燕,庞培源
骆国洪,陆菁,董亚波,杨大雄,叶素丹,蒋培幸
吴江英,赵丹,唐菊丹,杨荣仙,李巧芳,王云芬
卢伟芝,沈冬芽,殷军,吴丹,徐群芳,郑海萍
陈玉英,黄红芳,王增友,何有清,万小平,鲍建平
胡向前,朱小林,王震球,王忠民,何晖,方浩
傅祝伦,程南云,琚志滨,腾立洋,陈新期,邵梁
徐建平,郑俊,王炜,卢东军,官雄伟,吴元根
陈跃飞,叶青,舒文兴,徐淑兰,陈安益,张俊亮
吕昳,王芳,陈小波,王飞,徐丽,王海斌
倪邦生,陆洲,郭剑峰,陈庆东,单悦欣,李颖
应东方,付彩云,谢肖力,施朝勇,麻伟炉,赖良君
唐勇刚,魏飞江,吴静,包美飞,邵燕芬,莫艳红
田晖,吕雅琴,王良平,朱建良,王卫兴,卢雪平
金晓晖,季小荣,郑建闯,,,
洪庆群,张云峰,李兰娟,周友芳,吴晓文,朱海妹
方红星,金群快,鲍中建,黄雪洪,章少华,楼育林
汪忠,黄振声,吕向阳,章雪娇,刘春晓,何京武
俞宏纬,黄冬梅,张水耀,傅以永,王汝琴,刘振泉
施卫,黄宇霞,金林东,俞枝明,许婉瑛,吴建新
朱国浩,张炎,谢振美,王彬,王成意,李生贤
李峰,李震,陈文,张秋珍,冯贻平,陈小燕
周朔英,程燕,郑爱忠,赵忠岳,章黎晟,黄玉萍
胡庆阳,姜张木,严新友,朱文,林汉珍,陈宣良
邢一江,李斌,王玫,孙振红,徐军凯,龚文昕
朱瑞卫,李小东,朱苏娇,李倩倩,林盛斌,吴旭成
李江军,沈小军,林辉龙,奚泼,方献萍,陶林贵
张文表,卢雅芬,许卫方,,,
韩英,董志根,陈忠晓,沈连君,周建锋,石英
张迪校,张悦纳,杨波,陈越亮,张华斌,张洪波
黄小丽,叶振刚,吴欣欣,姜洪友,周江敏,王忠秀
陈敏,郑奇展,汪海珍,张力勇,吴燕芳,刘群刚
俞江英,舒国荣,朱雪华,陈世华,胡建荣,徐建勇
徐小爱,张峰,柯利剑,周祚运,陈炎,楼顺来
李虹霞,蒋文飞,潘省办,马赞骏,斯华良,王英
徐赛兵,胡公招,唐茂强,赵江飞,郁瑛,楼高江
包国芳,潘秀贞,谢海波,徐建勇,,
胡建华,戴春燕,荷丽芳,张伟英,方志刚,邱建荣
曹利强,姜林华,吴荣光,陈孔亮,余烈,金承东
邵建军,华建,朱刚良,林丽丹,汪瑜,孙海园
俞美娟,蒋丽珍,蒋桂英,葛海燕,陈彩芳,林海鹰
楼冠军,洪哲峰,唐亦祥,林斌,施昌慧,厉定富
蔡海波,谢伟坚,程钢,何靖,王黎明,方华
何增喜,方彩有,朱立斌,郑琼,郑海飞,杨震波
吴嫺,周建斌,成伟文,龚靖国,吴朝辉,胡明旺
陈燕凤,戴丽军,余小明,蒋玉冰,,
黄伯霓,袁智,罗竹卿,何仙群,芮仲家,洪秀峰
叶平,黄中伟,叶群英,赵雷英,俞永红,杨斌
应炎芳,龚辉虎,陈克斌,刘金洪,周永红,梁晓灵
徐勋丰,叶淑民,苏水长,陈平,詹葵君,王志军
陆其昌,洪志标,杨珏,奚素霞,杨如林,朱爱艳
秦峥,周野军,王爱玲,钟晓辉,李丽,何笃玉
陈乃书,黄雍容,刘妙挺,马天津,金建跃,王喆斌
赵菊敏,周卫东,王朝晖,王立新,陈金炉,陈玲玲
郑英志,范天银,王绿筠,陈继革,王天宝,许蓉蓉
王如明,顾昌满,郑云程,叶秀峰,张美英,马丽萍
项真玉,陈晓红,钱明,孙钰柱,庄耀挺,傅立业
华红,李志红,王化平,高建江,倪伟东,王春姣
叶学农,潘洁群,任闻斌,童家男,王双芽,沈丕亭
蒋菊丽,,,,,
金素珠,蒋伟,任雨芳,董霞,罗智颖,柴华芬
金彩,胡美君,王春霞,任丽丽,盛黎霞,钱金珠
徐小凡,褚和萍,韦霞影,虞霄虹,黄素君,周年兴
姜正龙,刑向军,彭东明,朱勇,陈波,吴仁泽
曾云文,陈亦卫,骆福权,林作斌,陈作允,徐连云
蔡晓金,楼权芳,楼剑英,张谦,陈美玲,叶丽佩
叶丽聪,潘小小,钱雪飞,许丽红,於佩红,余红銮
张君利,林建影,唐巧云,汪美,牟晓丽,马骏
张高亮,周圣然,洪庆华,杨斌,范永红,周和枫
张俊泉,黄文更,林方明,,,
丁红英,金闪闪,胡苏红,王佩珍,苏新敏,卢飞燕
赵可儿,何玮,邵大治,王继华,吕海燕,吕晓华
黄慧珍,王江红,朱东来,陈国民,朱正毅,陈德忠
王亦能,金育廖,杨宁石,蔡建忠,赵东正,赵晓华
蔡永秋,胡必文,金性安,刘日光,金旭,周洪良
吴巧红,乐碧虹,方建康,苏培国,章红柳,孟新江
陈一鸣,焦文琦,葛为选,杨建标,唐巧丽,王宏
陈绮霞,喻菊珍,朱燕娟,吕志开,赵永明,陈迎春
徐丽萍,黄红芳,张俊亮,钱爱娣,俞军,潘朝华
周云龙,徐美雪,邱云美,励明海,卢伟芝,胡建和
雷达亮,,,,,
陈雪茶,郭素花,宣东方,王燕,朱月琴,余樟树
胡燕舞,姚丰卫,徐进红,范海峰,王君威,胡建权
周兴江,陈寿雨,佘晓龙,江丽丽,陈飞,汪燕霞
吴燕娟,羊冬娇,姜琴君,严英英,严群燕,毛陈菊
徐云丽,肖云好,谢上可,李光平,刘建新,俞孟浩
何玉红,郑丽芳,夏红燕,郑克平,潘群丹,程雅
毛庆云,高光辉,郑卫勇,孔晓阳,孔国庆,沈陈礼
汪洪德,郑仓,钱钢,伍艳君,方雪兰,龚秋萍
郑双霜,朱云君,,,,
倪文海,丁淑英,吴淑敏,任翠珍,陈双芬,陈奕
叶爱仙,郑秋霞,杨昌华,吕志平,夏慧丽,陈坚娜
陶明霞,俞海燕,陈康,何小萍,沈挺,刘兰英
张三祝,董晓岚,鲍荣峰,吴建新,陈华爱,方旭飞
钱丽华,,,,,
李小荣,何光辉,梁亦早,郑华兰,俞有华,王根兴
姚华珍,周建萍,周裕尧,翁建华,邱时忠,陈芳珍
李彩林,张根梅,叶建微,朱小君,沈建忠,高小珍
项焕华,朱志平,官雄伟,任一兵,,
何玉颖,俞利君,王苗英,林建平,严燕儿,陈攀
毛美娟,史宇华,黄爱萍,许艳,徐营雪,梁晓萍
彭晓斐,王崴,沈雪梅,任齐娟,钱跃芳,余佩乐
吴文亚,阮利燕,高建军,姚雪峰,杨胜,童正富
陈进化,郑利章,严向峰,林维南,张松华,陆如良
黄建松,应水祥,何镇宇,王迪江,殳雪华,张伟
狄伟锋,王建均,金开任,强勇,,
竺薇辉,徐丽娟,洪永年,舒旭斌,徐俐娜,王红波
徐华斌,钱景,郭志锋,史伟祥,徐颖波,裘磊
钟珍珍,莫立俊,徐瑾,虞红英,李群,沈丽
季贤富,盛晓健,毛米佳,邵菁,朱雪丽,何叶绿
董红琴,沈雪琴,庞利娟,於丽娜,王珏,
梁小燕,袁启木,商丽华,高萍,朱振华,沈国华
李士燕,郭钻钟,张建珍,沈银华,徐海群,高明霞
周光磊,蒋凌燕,姚齐筠,成建芳,缪广智,彭军
何琦燕,陆红兵,吴崇洁,林西佳,应芳美,吴侃侃
钟韵,徐赛丹,袁利国,王增强,葛海波,毛杨镜
楼华丽,周飞燕,戴佳军,刘星喜,苏文,吴罕明
周志丰,吴贤祥,陈碧云,陈丽莲,王铁波,张彩萍
朱明华,董锦春,洪晗芳,柴佳男,方志丹,罗庆洲
郑淑贞,王利平,石磊,戴旭珍,寿祥,赵清宝
何玲玲,朱益锋,王甬龙,唐凌燕,程溢,
朱晓文,俞金弟,潘信杰,陈柳英,杨亚珍,陈王水
罗丽松,方小莉,丁秋琴,钱春霞,朱雅红,邵祖然
徐建华,蔡椿伟,陈正芳,廖武军,樊婷婷,沈琦
黄伟,潘震,何华苗,高卫军,洪晓丽,韩燕
方轶骏,金苏清,庞乾军,吴永建,王泽锋,汪建国
徐清风,楼燕芳,陈映婕,潘展翅,杨爱花,邵引娜
陈维君,杨燕玲,马小锋,谢小兵,卢丽君,张昱华
方奕,黄双叶,陈小燕,崔华芳,周钰,周晓红
阮宣勇,骆小平,王璠,钱怡丰,陈一臻,徐建平
陈萍萍,夏瑛,潘庆英,厉霞,林盛,马利峰
孙英,周鸣兮,沈苏霞,王夏俊,阮瑾,徐婉玲
林燕琴,蒋丹红,郑爱爱,吴登快,,
庄作其,胡伟兴,仲鸿月,王未央,舒海雄,王葵红
施福荣,杜德洁,林松,赵进生,王海峰,高志香
陈康福,戴仁光,刘素芳,胡东红,潘卫星,徐初祥
吴忠华,朱九一,曹群芳,余素银,郭世泽,冯建南
裘文广,雷震中,王国良,王建国,朱静芬,严萍
章新花,吴贤锋,孙丽华,计丽群,张明荣,李莉
周朝凤,马桔芳,陈丹,苗军,毛国友,方勇
曹兴明,朱春美,陈爱华,卢伟弘,何小珍,庞伟
徐红卫,林成隆,潘叶仁,方金平,胡淑霞,朱玉光
应飞建,章矩顺,吴桂英,祝志香,肖军华,方崇设
李巧芳,楼一方,钱双良,马群英,吴樟荣,林云华
吴坚平,倪宽,张晟,方满芽,王彩玉,陈瑞芳
李淑珍,张灵华,徐芸,施群轲,陆建标,吴玉秀
王三盼,郑宗健,叶溢铭,董小前,陈琛琛,陈花女
吴聪慧,舒文兴,应慧英,陈敏强,倪文荣,林启云
陆建标,,,,,
施慧芬,周建琴,金玲,陈亚,马信来,钱海林
孙立峰,汪伟新,潘军英,金乐丹,施锡桂,王苗芬
陈锋,姚新荣,郑文良,裘冠群,吴海燕,陶卫春
余恺峰,马春峰,施挺,高婕,汪房南,张金玲
陈利娟,朱洪亮,张伟丰,廖利仙,何必相,骆明丽
李春强,李军杰,朱蓓莉,胡霜,周曦,金玲园
吴彩儿,郑健,姚钟华,郭建琴,江海军,虞燕丽
李绍果,沈云芳,朱爱珍,张浙微,杨宇军,李坚玲
蒋林国,李瑞红,叶晓花,沈忠华,江跃燕,顾洪祥
许振让,邹蕾,薛燕,饶春雅,潘晓敏,舒春霞
吴建林,黄丽雪,吴群梁,吴良,任雪萍,高伟
沈琴,邵献花,孙恩道,何银峰,胡兰英,方小华
吴芳珍,何红江,朱水强,江腾艳,沈兴木,叶青
陈志昌,乐权,林琳,袁莹,赵春江,诸彩凤
刘凡,曾文彬,张蓉飞,钱石峰,李上海,刘国尧
金萍,林庆汀,吕羚,余平亚,刘月月,陈云瑜
杨仲唱,陈剑锋,陈世平,,,
葛丽珍,江小芳,张良斌,郑晟,杜仪,毛颖瑜
李震冯倩,王世红,姜利峰,王波,应艳芬,冯倩
葛永响,钱国妹,吴伟强,陈颖,杨峰,吴娟
王灵芝,蒋水英,王海莉,李晶,步瑶君,蒋亚琴
金海翔,郭琴,王美霞,董小微,李云华,徐佩锋
楼慧玲,戴道珊,张健,马小蕾,陈红华,王西安
王裕杉,董智慧,祝迎霞,陈兰兰,,
卢宇,毛晓珠,周定贵,胡义日,陈亚四,葛为劳
祁春琴,汪建敏,斯丽香,王月姝,黄逊毅,方春浓
谢志军,姚智君,张征波,林显东,潘建伟,陈敏芳
李方红,金群辉,徐燕,鲍健薇,李远明,张大权
张庆惠,谢风娟,周可聪,戚时荣,蒋红玲,杨崇毅
应华珍,郑慧娟,雷荣伟,吕信慧,施燕絮,谢纯饶
李新河,张培俐,王井均,蒋凌霄,钟晓明,黄羽辉
冯胜明,施建萍,杨绍忠,陈为娟,徐时礼,薛纬宇
瞿斌,乐敏芬,周群,季欢锋,黄宗月,季祥忠
吴连新,金游胜,卢益忠,余佩琴,沈健,余贤能
沈延颖,邬寒画,王冰玲,赵丹,许海龙,项映平
叶育萌,胡建琴,,,,
黄成玉,曹新强,王英琼,叶伟伟,黄婉玲,汤沈燕
潘海英,丁丽华,楼敏东,陈绍愿,诸志琴,谢筱婷
姜丽黎,金跃峰,盛益,金雅丽,吴加洲,吕琴英
钟张梁,钱庆丰,孙香花,沈娜,孙莉莉,蔡炬环
邹仁爱,姜涛,谢志文,王菊梅,史小燕,余燕
许芬,虞兰,秦婷婷,胡亚丽,倪春娣,余哲
戴自飞,马良,王莹肖,陈凤桂,江君青,吴利伟
金跃,崔宁宁,吴晓春,包国军,卢永飞,叶晓庆
沈勤峰,万伟峰,舒云巧,汤方荣,李娇娇,傅新忠
姜国泉,凌亚萍,吕秀约,高西满,王玮丽,童卫丰
向花兰,施旭日,翁淑飞,陈川军,王洁琼,夏江南
程飞平,葛丽芽,李亚萍,应顺敬,黄丽莉,徐永盈
陈小朋,朱晓曙,俞锦红,董李芬,宋桥,秦关海
唐孔国,徐柏锋,胡水平,邱洪吉,蔡树建,叶世安
朱杭杰,秦荣宇,祝崇英,金国伟,陈珥,杨小勇
江建平,胡桐斌,叶群华,卢伊凡,顾体标,梁素婉
冯晓科,成丽英,林光靠,叶翔宇,卢岳军,斯海波
林发扬,羊椿晖,方瑛,嵇利民,钱静,阮微
陈雨红,林冯,卓青莲,盛婷婷,傅惠芳,孟红雅
诸丽萍,任琴儿,卢娟苗,黄朝烈,邹红芳,应叶燕
周静洁,何晓玲,黄樱,凌怡,童声,金玉兰
沈燕增,杨爱群,黄志明,沈俊文,陈燕航,林芳芳
叶斌娜,金春燕,,,,
吴文霞,毛金富,陈华标,盛艳琴,郭美芬,单海永
倪燕秀,骆惠珍,林斌,龚凤娣,王建松,吕施政
梁云林,吕瑛超,周红星,姜胜,陈倩萍,颜竹荣
赵跃奎,齐孝萍,梁宏,龚云仙,陈斌,俞丽君
应美笑,汪丽君,舒宇飞,叶薇,徐林建,李正花
李鑫森,冯敏娟,苏静斌,徐凤球,胡昌东,杨丹
陈美英,赵书珍,薛茂姣,何美华,高爱娟,徐少君
许生让,范荷仙,吴丹,张光彩,吴国清,吴蝶飞
童雪娟,陈美君,万小平,陈尊华,章晓燕,周军
周晓钊,毛於友,徐淑兰,沃其洪,朱平正,徐志钰
潘海英,胡巧莹,张万梅,段萌,唐菊丹,郑启境
叶开明,姚仁珊,陈建人,李丽钦,崔碧云,王桂生
吴元根,陈建芳,邬群英,胡彩芬,李丹,高勇
高银兰,赵运琦,章玉娟,钟应松,高浩军,叶惠群
徐水根,裘利平,姜小祥,姜夏艳,华锋,吴正华
朱伟杰,严华荣,朱绣俐,戴文英,钱勇刚,何明芳
方银华,王玉锋,李海萍,钱立刚,贾建芬,马春云
方建华,杨晓波,董丽华,何亮,马平儿,陈兰
林慧,郭利,李建忠,,,
林锋,王文静,何芸,梁茜,吴绍华,陈腊娇
邱力俊 ,谢莉莉,李怡 ,金蕴,金君丽,於萍
叶琴 ,叶超红 ,陈畅,陆洪庆 ,王俊 ,金群
沈红 , 胡波 ,虞兰琴 ,陈英 ,汪萍 ,夏森烈
竺波 ,陈丕国 ,丁杲琦 ,刘晓娟 ,林凤蕾 ,倪水源
吴玉燕 ,潘高扬 ,鲁瞳萌  ,俞燕昌 ,茹玲燕 ,王凤飞
李志春 ,姚鑫贤 ,泮智辉 ,张淑钦 ,宣微奕 ,葛君
袁红香 ,沈明芳 ,梁瑞阳 ,郑宏 ,赵海华 ,张建军
袁含沙 ,吕建玲 ,林云方 ,胡晓敏 ,史赟荣 ,章徐芳
王张芳 ,陈吉锋 ,马伟贵 ,朱政卫 ,华美霞 ,张恩德
沈叶琴 ,潘雪峰 ,徐壬壬 ,倪晓钦 ,潘二妹 ,孙兴云
赵艳红 ,袁琳 ,杨淑榴 ,赵成辉 ,王玲俐 ,乐萍萍
游丽金 ,蒋珍珠 ,吴高强 ,高秋艳 ,陈浙建 ,陆如明
鲍成慧 ,吴森红 ,高宜水 ,胡侠斌,曾卉妍 ,刘卫
刘军芳,张国民,蒋程程,梁冬冬,吴惠娥 ,杨慧莹
万云程,姚叶平,莫文烈,刘敏,郑立琼,杨海燕
黄玲明,马挺,方秀梅,陆鹏飞,章建栋,蒋巨均
陈涛,沈科,邵巨峰,徐水军,陈晓丹,王文星
郑梯燕,陈玲玲,蒋森梁,肖云异,叶燕红,丁丰华
王靖松,梁悦,颜孙剑,,,
鲍倩倩,陈钗,何开永,侯溪羽,黄晓春,黄雪琴
金蕾蕾,李玉旦,林阿微,鲁丰瑛,陆春芳,陆国宾
邱殿席,史瑜芳,温暖,吴春艳,杨湘美,张伟琴
郑杰,於珊娜,,,,
安桃艳,陈君义,陈莹,何翠,雷雨辰,李玉香
陆键男,麻桃红,沈吉,沈丽新,施丽珍,施燕
石艳琴,孙丹凤,王柳叶,吴芳芳,吴峰波,吴柳鹰
吴庆梅,谢天乐,严雅丽,俞燕方,赵浪平,郑梅芳
周璟,周波,周武良,祝红,庄英,钭蓓蕾
巴佳慧,曹彦,丁文英,范晓东,方迪飞,方凡
冯钗,胡恩勤,黄小丽,蒋敏学,李鸥,刘卫华
卢挺海,鲁丽敏,陆丹丹,陆宏慧,罗丹,穆亚君
孟铁鑫,钱淑燕,钱湘莺,孙颖,孙照虹,吴燕飞
余彩霓,周淑文,缪小花,栾明晖,,
叶海英,万海瑛,姚远,胡海霞,宋晓兰,杜伟川
施斌,曾辉,李志贤,,,
潘建仙,黄艳,任磊,黄跃凤,赵丽敏,陈益华
忻科科,陈志庆,陈小红,李洪波,金震宇,苏丹
程婷婷,朱杨莹,成军,吴旺炜,傅永刚,钱永
叶柚铀,何灵飞,吴华锋,蒋玲丹,毛孝燕,陆陛华
王俊荆,陈中增,严晓峰,杨旭鸿,金晓中,戴周丽
沈朝伟,林南,林素,王国美,潘玲凤,林蒋来
杨花合,王育梅,左阳,应嵩权,姚轶昕,叶玲霞
黄兴,张宇锋,叶旭玲,李燕,顾昌伟,应超快
邵美英,吴先进,谈慧勤,蒋国强,郑旭叶,郑红琴
赵勇兴,章丽萍,王艳琴,黄云霞,郑华芳,梁倩倩
陈玲娜,蒋江丽,刘平,汪翔,吴雅敏,谢赛娜
叶晓,张燕,赵建红,赵晓英,祝自敏,郭杨青
贾文炯,李志聚,林万晓,施振华,史斌,水潮永
陶上一,吴纯明,姚凯凯,应乐平,,
胡冬香,吕娜,翁培珠,徐菁,钟春娟,蒋凤娓
傅闻毅,帅燕飞,张静,张林君,张菊红,陈维
鲍云霞,周欢,王丽珍,洪翠,黄琴,胡依娜
沈丽丽,翟霞,陈建萍,夏忠琴,章珍珍,胡小莲
吴丽丽,楼红,钱亚钗,何华美,孙红央,姚丽娟
章媛媛,方霞,钱余,陶燕君,叶秋芳,赵肖红
林芝静,张萍,方蔚蓝,陈丹,陈路平,王赛云
沈咏霞,胡丹儿,谢珺,周秀玲,王桂芳,邱振东
谭福琛,邵林,,,,
姜玉和,叶春水,汪超,罗仕清,周政铨,吕琼芳
胡祥士,金征乐,朱献国,傅祝伦,张芬芳,周锡文
金荣法,高净,寿春法,陈晓辉,胡向前,何小弟
姜芳娟,吴晓飞,汪晖,张济华,解仙芳,陈贵彬
叶玲玲,黄静,马骥,阮景诚,林孙成,潘虹梅
陈恒,涂明远,叶林通,张杰,孙苗,凌剑
蒋新喜,王维芳,曹冬梅,沈冬琴,许益柳,周淑云
刘丽萍,郦婷婷,潘琪,叶晓薇,姚月秋,徐辉
陈烨,毛伟伟,章叶萍,程炉军,管蓓蓓,胡奇峰
肖中臣,王露欧,赵焕昌,施文康,吴秀娟,王佳羽
张朝安,张丽梅,黄静儿,李依,夏积魁,刘景乐
王亚明,马歆倩,黄淼军,蔡锦宇,董彧,周伊丽
张建平,傅双燕,毛轶靓,俞天谱,章建豪,汤浩梁
陈崇领,李剑,陈杰,洪阿利,汪洋,江玲利
许耀爽,邱婷薇,杨展超,周庆彪,王立华,吴勇
章丽娜,朱萍,谢慰慰,胡承钰,柳亚权,邬志杰
黄波,陆辉,陈炎,许卫卫,陈军军,忻盈超
陈佳风,龚泽民,俞力,艾伟,王洲,杨泽南
朱呈磊,何婷婷,林董伟,陈国斌,钱璐娜,詹益龙
曹叶成,赵瑜菊,王顺峰,蒋汀,朱敏,赵静鹏
董建胜,李巧宏,钟赢,徐黎黎,张秦红,汪敏媛
孙永铭,王丹,柳上晓,徐丹,陆烨,林初晓
封颖飞,朱聃,张伟英,罗喜全,吴垚,沈盈锋
朱芸,张海兵,江燕,曾建,朱旭艳,
柴艳娜,陈春亚,陈冠霖,陈美萍,单佳萍,杜樟轩
高望雀,葛莹,龚月苏,何晶晶,胡斌,金晶
金瑜,柯健依,郎茵萍,李洁,林慧,鲁战展
吕丹萍,吕黎,毛金春,欧玉婷,彭丽丽,沈春燕
石锦依,苏清清,孙巧玲,孙晓燕,田露娜,童兰娟
童燕,汪钰燕,王芳,王剑芬,王佩,吴成果
徐唯花,应静娜,俞梦爱,张慧,张抗
张蕾,张丽芳,张英,钟维群,周柳英,周琴瑜
孙伟军,杨利伟,杨秋雷,周英,何颖群,王耀辉 
蔡洁璐,陈佳,陈建英,陈亚丹,戴华芳,丁丽苗
丁宙攀,董燕霞,费莉娟,龚雅红,顾金英,郭慧芳
胡晓晓,江旭,姜利旦,蒋秋晓,蒋瑜,李爱君
楼佳,陆瑞岚,罗春辉,罗小琴,罗约露,钮晓健
钱娜,沈小红,孙剑丽,董海芳,汪巧玲,王将文
王金燕,王路,王明美,王巧芬,吴金玲,吴卫英
吴珍珍,忻玲丽,叶玲玲,应建儿,于雪珠,俞燕巧
张彦,章美风,郑海丹,周俊君,,
宋锋林,缪汪丽,陈俊利,金雪佳,周建英,刘金隆
陈玲玲,祝丽华,王慧治,盛炯杰,金丹,许明雅
廖理宁,丁贤丰,池萍,吴方,张丽平,沙鸿月
陈赛东,许鸣华,陈俊,高炜,倪观兰,董力
蒋海萍,元小会,唐婉容,戴小芳,薄瑛瑛,滕晓丹
冯佳虹,林灵洁,王秋叶,杨青,董洁,毛锦旗
吴芳,华牡丹,谢芳,林琎,朱圭,金巧莉
陈彩凤,金建伟,池剑威,倪程鹏,劳丹燕,孙杰
王剑春,邵海丹,杨玲蔚,俞晓燕,戴叶敏,龚跃俊
黄秀寅,张頔,孟铝东,管华,赖健,俞瑛
郑蕾,林志赟,俞丹君,徐荃,迟姗,白亮
陈志杰,田乃兴,陈锐,胡美玉,许黎虹,郑学棋
黄晓晶,王丹丹,毛抒昕,金露阳,赵立波,曾广昌
於晓芳,刘丹华,王涛,王宇晖,朱云云,胡陈婕
翁陈燕,杨巧玲,杨巨峰,王晓惠,濮青,丁国英
厉成义,赵聪,张宇飞,何昉豪,罗国龙,徐小芳
杨晓秋,潘彦,叶赛男,卢萍,,
章俊杰,陈玉琴,盛穗琼,莫灵耀,王界选,吴淮勇
张蔚楠,郑园园,王国青,章飞,严懿秉,刘红
帅宝煌,罗雪娟,王晓娜,李飞雪,王飞华,赵忠妃
曹婉婉,陆国华,周德标,陈燕,凌晨,高玲燕
郑秋丽,陈钦钦,何键,王成,周欢欢,钟永梅
卢峰,蒋淑婵,陈逸冰,周益钦,汪国文,戴红娜
章燕萍,张海光,张峰,胡琼芳,汤仲伟,严桢
翁一飞,盛玮,,,,
陈丽丽,单文君,方小芬,冯月萍,干云琴,金玲玲
林宾芳,潘蓓蓓,王忠梅,吴静,叶丽萍,袁丽洁
袁圆,章琪,郑泉泉,周星,陈夏秋,冯松铭
蒋攀,邵高文,沈翔,姚良飞,章品,邵曦
陈晓飞,董敏丹,方安娜,傅颖,国小荣,黄洁颖
贾文珺,金娟珍,金肖,赖晓娟,林佳,刘笑
楼敬敬,毛盈盈,潘伟,邱锋,邵岸青,沈黎
沈臻,苏焱鸿,孙娅丽,陶鲁燕,陶正梅,童胜男
王笔,王江云,王晓琳,尉宵宵,徐海飞,徐倩倩
许蓉蓉,薛萍,姚晓梅,应燕飞,余颖婷,张琦珍
朱贇,蔡承哲,郭志远,季鹏,陆兵兵,毛益丰
汪斌潮,吴孝君,邹飚,陈江平,,
毕慧,柴珊珊,陈灵音,陈敏,陈秋霞,陈蓉
陈西苑,戴薇薇,干燕云,葛胡林,贾燕芬,金丽丽
郎佳,李萍,厉丹,凌飞,凌美芳,马雁飞
沈霞群,沈旭晶,沈燕飞,施文央,施鑫,王海飞
王丽,王丽梅,夏灵巧,徐文吉,荀莉莉,杨艳
应单云,张海娣,章慧,郑超群,郑丹,周晓兰
邹榴丹,毛永健,余岗岗,邵炎辉,汪明,周晓君
鲍蓓蓓,鲍秀芝,陈芳娣,陈柳姣,陈晓庆,费慧珍
傅贤琳,胡晓晓,黄丽丽,金锣镇,李梦,刘巧霞
潘李芬,钱烨,沈洁,施珊珊,司晓妹,童丽娜
童露芳,王晶晶,王丽萍,吴其其,吴族燕,徐佳丽
徐丽芳,许琳琳,许潇潇,杨波,杨柳青,叶慧
喻晓敏,张园,章梦云,庄金妹,金萍飞,
陆舒旦,余丽敏,周汉潮,周国成,郑万乡,张钰良
应武波,潘琪,蒋水良,戴奇忠,朱亚平,朱孝玲
朱彩娣,赵菊琴,章娣,张叶华,张燕娜,张燕
杨丽,杨晶晶,许少岑,徐亮芳,徐洁,谢彩玉
王晶石,宋爽,潘玉娜,潘燕云,尼丹婷,吕益萍
吕星红,刘丹丹,郦彩英,李晓鸟,李琳,瞿媛宇
金晶,金丹霞,江灵芝,高莎莎,樊小娟,陈莉
包晶晶,金佳佳,何云,潘哲,张芳菊,席春青
宫虹宇,陈丽涵,陈锦,张志刚,熊邦光,邵君建
秦斌,李永胜,黄良洁,成秀涛,陈棋,郑建珍
张朝云,王爱萍,孙藤峰,裴阳,林赛芬,柯莹
姜青桂,吴智,周力波,李在擎,陈浩,朱明伟
池艳,董建瓯,董梨梨,房明明,胡欣蕾,孔倩莹
楼鹂,王笑笑,吴林芳,张婷,郑笑媚,周小丽
陈冲,陈璐,丁建星,胡建宏,马闻坚,庞晓峰
王斌,王志强,巫刘斌,虞璐康,赵鹏,周亮亮
朱光慧,,,,,
胡珍珍,杨静,袁琰贤,张慧婷,张涛,张晓甜
张越颖,章丹平,赵颖莺,朱英杰,蔡少卿,陈小平
董克钻,何杰,刘建峰,刘仲书,乔艳平,汪增基
王志颖,吴少杰,吴永豪,徐晟,羊滨,周晓南
晁小芳,陈思,丁鑫珠,费春琴,冯冰,蒋小韦
梁莹瑶,林依绿,吕伟娣,宋萍,王康,杨帅
袁莹,朱俐,陈琪,陈巧伟,龚震安,郭链
洪鹏,黄金官,金一航,瞿建冬,倪丰平,钱明强
史廷谷,,,,,
褚晓亚,杜颂兰,方萍,方珊珊,胡俊,邬梦星
杨丽丽,杨鑫淼,於凤燕,郁云艳,张娟娟,张晓宇
周孝燕,朱碧野,富鹏飞,高立锋,尚亚东,王珂
杨艳,周培雷,周昭敏,朱燕飞,郑海国,周立军
鲍玲玲,陈芳莉,陈瑾,陈丽,陈丽君,郭叶
何波娜,胡玲琳,胡小燕,胡燕萍,胡莹莹,金巧文
金玉华,林芝,刘丹炜,刘佳平,马晨弘,毛维萍
倪浩芳,邵央央,盛汝,施海琼,孙荪,王海萍
王红丹,王鹦,夏洁,夏丽丽,谢晓利,许伟敏
虞海静,张静,张静,张露曦,,
刘艳,曹林芳,陈青青,陈蓉,陈思,陈鑫未
杜艳娜,顾勤建,胡玲霞,黄军芬,陆斌,马利娟
潘杨杨,乔丽萍,全芳芳,沈燕,汤燕妹,涂秋伟
王海珍,王盈,奚美官,徐洁,徐晓君,杨红
叶娇娇,袁红燕,袁燕凤,张芳,张凤仙,张卡利
张琳,章丽丽,周林,周勤敏,诸勤燕,竺丽
阮晨,王峰,许海峰,杨性婷,,
叶升宇,梅春美,李想峰,石继健,陆利东,石磊
陈飞余,夏小军,楼晓良,刘军华,吴丽琴,
曹见,唐根土,金瑶,周忠,张婷婷,
江伊茜,刘海燕,王立锋,乐望望,徐思敏,徐红
吴妙娣,王双,王莉莉,王金,唐芳颖,钱灵灵
倪艳艳,孟云利,马雪亚,骆瑶,吕东芳,楼梦微
廖秋芳,李阳,高伶俐,陈艳丽,陈小梅,陈生晗
陈科飞,陈海哨,陈芳芳,胡欣纳,黄金娇,邹剑萍
朱孙飞,徐孙渟,徐陈,翁侃,沈辉,梅昌盛
李闽康,葛立锋,堵伟淼,陈立康,陈建伟,蔡来飞
庄丽君,朱曦,朱海晓,郑巧铃,张瑀,张雅琼
张小翠,张俊,虞琴娜,俞芳芳,叶鸿翔,杨琼
严瑜瑜,楼丽婷,陈燕,,,
费益挺,张燕,房丹丹,陈牡妫,朱亮亮,赵柯涛
詹桂雄,俞国军,巫洁峰,孙敏,施俊帅,刘正福
刘剑辉,管麓,付华云,杜威,陈海敏,曹云锋
邹翠,张馨月,薛慧玲,徐芬,危薇,孙燕
全丽梅,裘建霞,刘燕辉,黄婷,郭珈吟,
张品汉,陈爱贞,方力,周结华,王兴江,王冬根
水勇标,钱旭,刘松涛,蒋城剑,何秋阳,陈海峰
朱丽霞,赵小丽,谢灵丹,唐群儿,苏晓梅,邵琳雅
潘颖,刘臻真,梁日平,胡娇娇,韩伟琴,高佼达
董丽,陈思思,陈佳洪,夏婷婷,,
陈红平,陈佳俊,陈双双,方红红,郭安妮,胡一
金照娣,李冰,连娜,刘冬,吕飞,邱佳莹
全珊珊,沈淼淼,谢方方,谢丽莉,徐莎莎,杨娇
谷金晶,盛涨云,肖锐,杨亮,杨泽天,陈垸
华罗晶,,,,,
蔡虹,蔡芸荟,胡莹,黄海仙,蒋玉燕,雷丹丹
芦雅珍,陆益萍,吕晓飞,马密露,潘红,潘苗
钱庆,唐燕萍,田莉娜,童亚兰,汪丽芬,汪丽琴
汪秀蓉,王静,徐丹,徐燕,许人为,杨燕
张利君,张叶,郑慧琴,周建娣,周玉玲,陈一强
何鑫平,吴志英,夏旦,周俊芬,朱慧芳,朱洁洁
陈建红,陈林芝,陈璐,陈晓,陈芸芸,韩诗惠
胡斌斌,蒋佳佳,李彩丰,李建银,李玲,李水琴
李婷婷,李霞,李燕,刘琼,柳娟,罗茜
罗秀燕,童小露,王美君,王群燕,王燕,吴敏霞
吴云燕,,,,,
王丽娟,叶建,徐丽霞,严建英,徐敏川,温合国
钱凯俊 ,沈峰莉,施苗慧,孙礼梦,孙霞君,汪琦君
徐雯,徐英,徐展展,张敏红,周姣姣,陈渊
杜研,方林,林德根,刘德锋,倪正国,王富
谢文峰,徐峰,张衡,詹小峰,张嘉炜,王一龙
张生珠,张委,朱央,陈珂珂,陈清,程鹏
冯嵬,何龙,蒋斌,金锴,林诚锦,马吉裕
梅昊斌,任东来,张爱静,张政,郑行健,陈萍
陈茜茜,陈微,陈宣何,陈瑶,程晓路,季新飞
姜英,金章,梁贝贝,徐明智,叶幼贞,应琼华
尤艳平,袁金溪,张金云,张玲,张强男,黄薇
应亚云,陈宁宁,陈倩之,陈赛,陈晓娴,方燕燕
黄丹丹,黄洁,姜静,林敏,刘程程,卢陈莉
卢佳赢,马佳妮,裘敏媛,阮丽,沈燕君,施程成
吴玲芝,顾会凤,朱雪娜,高国燕,张益俊,俞磊磊
陈月卯,陈家贤,艾克热木·阿不力孜,米页沙·艾沙江,,
黄小琴,姜洁佳,沈秋凤,孙吉,王玉凤,吴小青
章婷婷,朱淑慧,程涛,何挺,黄淼军,姜林飞
李龙杰,马华建,陶文强,王斌斌,夏晓波,尤圣君
郑冲,周彪,陆君权,蔡园萍,岑喆喆,陈淦红
冯正一,葛利英,何雨红,黄玲燕,,
郭宏凯,姜麟,李洪军,刘晓野,王俊宇,郑望君
周赛,陈迪微,陈嘉园,陈秀芝,冯晓琳,胡亚琴
李丹,林丽余,刘柳,毛慧君,饶米德,王磊
徐慧,徐景青,徐娟,叶少君,虞燕飞,张洁琼
张倩倩,张素娟,赵岩,包建松,陈宇辉,戴平华
方汉泉,葛百玮,曲营,,,
徐央女,卢成树,邹洁,周耀铖,朱春波,朱冬
 滕云,童燕,王苗苗,王雅芳,金方敏,蔡小芳
蔡银军,陈萍,郭慧松,梁晶晶,林璐婧,刘群香
鲁凌云,陆琼洁,骆华琴,马晓燕,希丽娜依·塔依尔,海丽齐步·吾拉米丁
 毛婉璟,潘陈祥,邵靳,邵晓棠,沈燕青,施程
石超莹,寿娇,宋欢欢,徐叶苹,宣晓菁,余晓丹
俞以内,詹晓颖,朱玲燕,陈坚胜,丁海东,郭鹏杰
华腾飞,黄铁男,黄晓华,李剑飞,林松桦,刘云龙
沈鑫焱,孙心阳,叶鑫,张 乐,张政,项榕榕
阮小敏,韩晶晶,黄利琳,金莉丹,金文婷,李姚昕
林窗,林琦,罗丽娜,潘妩妮,钱吉慧,沈琳
苏巧波,孙 颖,唐塘颖,温回忆,吴建微,吴清清
吴贞,谢夏,徐晶晶,徐文娜,吕 权,毛黎龙
沈涛,孙海士,吴广,徐 伟,张超,章海峰
郑旭翔,朱立,包赛丽,蔡雨晨,陈柯娜,陈一帆
陈英瑶,陈莹慧,陈幼幼,丁波英,丁露萍,方王君
韩丹丹,王辰,王楚,王珏,吴静,吴 喆
谢家薇,杨红,叶丹,张晓洁,张 樱,郑晓洁
钟英杰,陈海龙,陈琦,洪佳飞,金春潇,李铨
刘建清,柳家全,陆伟,杨翠,陈晓慧,刘金俭
戴浙斌,蒋蛟龙,玛依沙尔·亚库甫江,,,
彭鹏,汪凤军,王译泽,肖锋,杨俊,谢嘉怿
郑伟波,郑一贤,巫菲菲,蔡霞,马建宙,马腾飞
岑艳,陈莉,黄雁,李粒,李诗佩,林晓琴
毛玲玲,木亚男,钱舒彦,任霏霏,汪艳婷,王琼
王媛媛,魏菲,徐艳,杨可爱,张玲,郑赟
朱蕾,方辉,贾龙,李文琦,,
丁瑾,陈虹,范孟哲,刘林,王超舜,杨晓敏
张羽,方齐朕,王梦琬,朱颖颖,王智宇,章颖
张英,张夏晴,张力,占成珠,严佳纯,徐歆羡
徐金华,方斌,李萍,戚柳燕,应临斌,欧小燕
梅晓慧,刘龙芳,刘兰,潘伟剑,李丽红,吴麟
何小眉,程亿菲,陈许悦,史泽燕,鲍心如,张超
郎燕华,张梦诗,李秋梅,周莺,刘俊龙,沈建锋
李希文,金英磊,黄源,高胜广,卓继政,林生淼
金罗赛,王丹丹,苏阳,施丽,施栋晓,王雅琪
赵博麟,俞锎锋,杨启楚,许晖,肖明铁,王昌义
孙华东,余鸿斌,张文友,步晓翠,潘萍萍,潘双霜
谭慧娟,林倩,孙吉玲,吴婉榕,林敏,郭浩
柯步方,李跃,刘畅,压炎昊,马双,沈冲益
苏志鹄,汪志阳,朱江霞,孔小燕,方慧青,丰心砚
汤瑷宾,高雅婵,贺雲 ,李晶晶,宋城城,莫芳芳
朱榴骏,陈森森,谢菲菲,谢晶晶,徐晶,虞洋
张潞潞,张巧娜,张文婕,赵琴芳,赵淑姝,郑棋
郑青青,施克晋,郑秀眉,王斯诗,邹蓓蓓,沈美丽
王磊,刘贺杰,阿依提拉·阿布都克尤木,古丽皮热·塔伊尔, 阿妮克孜·肉孜,
施嘉俊,徐丹阳,谢胤,汪洁,屠君芳,汤海萍
史琴燕,林梦雅,金淼,何文静,柯彬红,范超静
虞锦霞,周文强,俞露,应科,严力骞,吴鑫刚
王轶琦,王键,汪易辰,方丹清,任凯翔,张梦莲
张海武,俞俊男,徐涛,徐凯浩,吴奇,俞菁菁
盛伟钢,俞婷婷,潘浩,吕俊杭,梁天喆,黄一波
胡湘杰,何健,冯国栋,张忠英,虞珏莹,周晨斌
唐慕宁,韩立群,俞晓春,张薇,周叶楠,范文
蒋承挺,丁俞岑,蒋宇翔,施筱雯,尹圆,祁赟鑫
卢昊,芦婷婷,王田贝,王欢,王端端,孙春艳
邱晓芬,蒋蓓,姜丽娇,胡蕴钰,何夏艳,阮欢婷
汪琴,,,,,
戴凯星,郝韵,侯青,刘兴,刘莹,潘雨燕
何贞泉,唐一平,付凯,王芳,王金枝,吴冬梅
徐淑韵,雅净,余晓云,余燕青,张丽娜,张媚佳
陈建龙,钱艳春,陆建龙,毛力文,王瀚,许杭涛
杨晓曦,杨喆,郑建伦,方小辉,刘天阮,张杰
汪雯嘉,周杰,李浩,李坤,刘国伟,刘文超
卢思悦,芦伯鑫,赵甘戬,,,
王丹琪,王博文,阮艳乐,钟万,夏妍,汪宇飞
阮蓓蓓,彭晓华,刘夏,谭丽萍,宋珂婵,马雪
周朝海,陈义,王旭锋,许俊,杨智钥,朱徐杰
朱学敏,卓方勇,钟孝,朱玥,朱吉琼,周莉
岳丽莹,袁雷君,虞燕娜,姚珍蓉,姚佳,徐燕艺
杨燕,叶亚微,杨旭焕,邵敏烁,滕玲敏,梁朋超
王蕾,赵莹,赵文婷,王思思,汪文渊,许伟萍
谢建,蔡梦丹,边华菁,包欣蕾,应林跃,许加礼
王瑞奇,李冬冬,张文文,孔令明,贾惠超,黄银友
甘有祥,尹乐,王成妃,谢程源,陈思思,郑燕燕
梁丹,黄青青,缪莹,杨其倍,毛威超,鲁海波
刘钰,林雪琪,高玲玲,甘若婷,周舒云,陈艳瑛
戚秋莹,朱婉琪,张甜,胡雨娴,姚珺,董展展
王俊姣,张甜,张利娜,叶潇潇,杨杉杉,严幼琴
潘睿,王亦茹,莎拉比·热西提,艾力江·外力,,
李云雪,徐玉书,胡立辉,李勇,俞路,杨浩栋
陈青青,陈岑,孟橹橹,姚坚,袁斌,李家炜
吴小芳,朱飞飞,李迪,陈祥明,唐语,柯淑瑾
钟郑波,陈嗣舜,郭萦,褚琦玮,张泽,史婵桢
朱斌翔,沈婷婷,吴芳达,刘耕农,卓晨柳,陈璐瑶
张璐璐,南雷浩,吴高汝,沈春红,王董骏,陈则贤
姚明月,卫涛,周勋昂,颜丹,章曾凡,周宇琼
李瑾瑾,俞清源,曹锋,项丽萍,吴桑桑,魏邢莹
赵祥强,蒋家琪,杨洁强,杨浩,姜国平,李海燕
李缙如,杨沂岷,高军,顾梅林,樊浩民,楼梦园
尚帅,周海洋,黄卫,陈晓睿,董斌,曹申凯
谢菲,钟知驾一,,,,
丁杨斐,陈延,陈菲,高烨,汪小艺,胡群斌
王桢,王冠玉,王爱迪,卢魏峰,鲁文杰,胡雪娜
周彦霖,张慧芳,虞舒航,余晓青,叶雅艳,杨芳
徐莎,吴霞,沈冬琴,林冬珍,梁永娅,李娜
李嘉艳,欧冰雷,徐怡娜,谢雯,,
倪舒婷,陈晓红,叶丁菲,杨蓓,杨晔,叶津杨
金梦婕,徐崇山,周雅静,许佳禄,汪晓翠,江艳
王玛丽,李晨汉,吴肖敏,龚梦婷,岳明珠,张雪峰
王松磊,潘扬飞,田野,王蕾,张柳青,张金金
袁扬,王灵芝,童薇,韩文姬,黄秋亚,卢斌胜
张惠娴,项仕伟,樊建荣,钟邓涛,李玲玲,张琨
盘玉玲,郑宇,李昭亿,杨婷廷,郭祥,石艳菲
贺蕾,王晓丹,丁高健,邹杭洁,陈露露,何艳
姜莹,王新贤,李双,王玲,麻林玺,张敏
郑超,颜远,诸婷婷,谢恩奇,王藤颖,褚婉余
汪一鸣,林梦雨,黄丽莎,余颖,顾远博,李晨露
努尔乐汗·叶乐山,先姆斯亚·吐尔逊,董巧玲,王偲璁,郑凯鹏,何朝刚
黄杰,帕提古丽·阿扎提,张仲彦,叶尔哈力·奥塔力甫,阿依努尔·赛麦提,沈佳菲
王孝琴,郑霏飞,徐道元,李姿璇,杨凯,郑嘉琪
陈梦怡,,,,,
赵雪晴,刘博宇,毕婷婷,郎思思,宋丹琳,孙蓓
陶也,王佳佳,王茜,魏艺,徐梦蝶,杨斯然
张爱敏,张欣,陈浩,陈佳炜,李昕,李振熙
娄海宇,钱云凯,阮东俊,徐敬真,徐寻,张凌志
陈仁静,丁梦,华明珊,李玲,李亚杰,林佳媚
梅睿,忻倩娜,许文佳,俞圆,张浅欣,张倩
郑柳椰,周婵,陈希子,方浩飞,洪冠仲,李文康
沈辉,孙力,魏斌,徐勤,颜祖德,俞颖佳
朱强,,,,,
吴鲁洁,金钰燕,刘峻光,孙爱娟,韩玙璞,丁霄霄
徐奇层,胡佳丹,徐鸿,石悦,张相华,管航
翟竟余,张素丹,唐梦洁,楼美娟,陈丹,金梨娟
雷倩,周如飞,吴俊燕,章烨,于浩,屠佳玲
余振飞,黄龙,王辉,,,
吕婧,胡寅,王美,钱瑾,漏瀚卿,史斌锋
何云丹,陈佳楚,徐艳勤,贾剑伟,唐永钊,余陈勇
董旭芳,高颖洁,沈孟飞,孙吴敏,陈金波,周立燕
朱燕,戚丽金,李文世,金可,丁玄,金清华
张益蕾,应红阳,赵褀,王燕萍,蒋燕芳,赵蓉蓉
丁丽娜,王春明,项海红,,,
陈诗婷,陈斯颖,董思思,傅陈聪,贺艳丽,黑胜桃
洪雨潇,胡杨,计婷燕,蒋鸣,赖小云,乐晶晶
林卡,刘林,卢味味,罗敏,牟凤娇,佘琳琳
覃祎颖,王敏,王学烨,翁笑青,吴江洁,徐香琴
颜丽美,杨秋彬,杨晓优,杨玉丽,姚丹蕾,应瑶
张晓辉,赵锃爽,钟建利,雷晓,李信从,刘超凡
余海员,张天中,胡惠惠,沈佳琪,林霞霞,黄鹏
郑碧莹,吕佳,叶剑飞,陈雯雯,胡月滢,郑华川
陈玲玲,赵佳楠,程思思,邓玉萍,傅瑶,古扎奴儿·艾合拜
黄彦瑜,江丽炫,李湘,刘欢欢,刘梦玲,刘心依
楼卓君,梅培茹,倪芯芯,钱静,唐巧丽,王靖
王玲玲,王梦佳,温评评,吴国蓉,谢佩琼,徐丽莎
姚晶晶,曾敏敏,张出尘,张楚瑶,张丹瑜,张敏雅
张珊珊,章洁挺,赵一睿,周帆,周晓玲,周怡
陈磊,程锋,顾杰,刘涛,项远威,张帅
郑杨威,丁琰,周苗苗,田悦,徐莹莹,方一同
余远媚, ,,,,
蔡慧慧,黄秋琳,焦春彬,李萌卉,林培瑜,吕程敏
施洁莹,帅娜,王玲玲,武琼,肖卓群,杨婧怡
张鑫,蔡泽宇,岑裕添,陈博,何仁艺,黄嘉华
李飞飞,李树冰,李伟,马英川,王昭宗,文昭人
徐龙乾,徐玉婷,,,,
蔡可萱,杜玲,于翔宇,虞艳梅,杨燕贞,蒋陈园
吴施燕,姜远谋,蒋凤丹,蔡宗军,黄振怡,钱哲
丁海龙,明娟,陈春燕,陈琪,赵晓雷,杜晓露
吴小宾,杜丽媛,白晶晶,朱晨霞,安璐,陈萍
何欢,林小波,林君怀,林晓霞,陈宇杰,胡蓉
毛紫燕,徐玲光,朱炳丞,章享玲,夏涛,买尔旦·巴头江
王飞,潘婷婷,金施圆,王晨洁,毛碧佳,邓楚玲
李志升,蒋叶,王超,陆思佳,木也斯尔·买买提,余红
李炎霞,周梦雅,王秀翠,汪李娜,姜虹蔓,姚星宇
谭佳莉,耿欢,王蔚,施秋玮,杨燕红,陈亚玲
杨飞帆,王佳萍,方梅芳,范美琳,梁柏潇,刘鑫
彭婷,茅怡斐,罗贤明,陈凯媛,蔡延武,张文君
余香香,葛芸静,王秀美,赵变变,麦尔丹·,艾力
刘成超,黄婉青,许露丝,沈丹丹,姜露,赵越
吴书胤,陈一心,姚思弘,谢德助,陶向蓉,陈琦伦
张灿斐,周雪莹,叶其根,热米拉·,阿布都拉,
李颖竹,邹思远,杨琦婧,韩玉霜,郭英,马克辅
谈艳飞,戴健鹏,梁淳淳,郑美琦,张亚鲲,何飞霞
陈菁云,郭丹璐,项如意,周冰帆,胥月,陈叶红
汤纯静,张凤仙,舒振圃,黄先燕,袁涛,张西
孙超群,,,,,
陈银强,杨姝,潘佳奇,陈科杰,沈勤浩,潘锦萍
汤梦婷,魏梦竹,徐凤杰,石峻,应婷婷,金旭晨
周攀,郑思雨,姜凯,张颖,刘欢,程荣元
李毅,张智博,孙璐,俞冬梅,郑莹,周梦媚
周子汐,傅凌云,许煜东,毛立波,任坚,罗俊颖
周玲玲,李璐,吴健秀,杨曾,陈婷,周喆东
徐联丰,谢雨宏,沈佳妮,阮韵吉,赵媛,方子崴
郑越,戴羽鼎,马幻,王澜,钱彬彬,邵梦思
许颖,潘梦铱,周苏文,李雅雯,周栋,王晓丹
曹朦元,徐晨,李星星,王筱,欧婕,唐山柏
陈扬,周恒辉,陈茜茜,顾宏聪,唐淑姝,陈烨
杨棋远,黄翔,胡朝乔,沈凯波,张重,董超男
徐晴,蔡敏敏,华秀儿,李诗洁,李艺君,李莹
刘懿卉,楼红霞,吕阮迪,邱晓慧,邱雨薇,石佳蕾
苏婷,杨雨苔,郑筱筱,邹洁,郭江涛,李传鸿
李建飞,吕晨希,潘正侃,邵鋆杰,王辰宵,吴天鹏
叶剑楠,张圣,郑科栋,周锋,余志宏,张志豪
金浩男,董玉燕,陈琴,冯程程,黄静,黄燕
金筱珺,李晓雯,刘梦霞,毛瑜晴,潘梦琦,彭怡鑫
申屠佳乐,童蓝蓝,叶佳莹,俞绿萍,赵丽莎,周颖
陈忠威,梁上东,鲁润南,潘东升,沈振琦,项佳军
邢增涛,徐奇炀,,,,
富静,罗琴,鲁珊珊,陈佳妍,陈欣佳,董春蓝
付欢,辜雅丽,胡琪娟,贾雪,金培培,李青青
李子颖,林洁,楼小贝,罗紫慧,马静,米日古丽·图尔荪
田佳丽,徐君丽,许铭瑶,颜婉馨,杨萌原,杨倩
杨蓉,杨抒涵,叶佳柳,易善婷,于璐璐,俞瑜
张晶,张微笑,张瑶,章晓婷,朱晨思,祝璐瑾
陈瑞,高仓建,何健,胡溪,郦坷飞,陆晓添
魏帅烽,谢耀庆,姚皆宇,钟叶晖,朱立军,周亚妮
徐佳璐,戚杨妍,王凯,单洁雨,杨彬,宣巨阳
胡双双,陈芳华,陈露,陈昱杉,戴丹妮,范钧维
方雯杰,冯香凝,哈拉哈提·布拉提,洪佩佩,胡雪,黄田悦
李佳媛,龙春秀,龙欢欢,邵若男,盛雨凡,孙冬赫
陶淑娴,王璐瑶,王娜,王云,吴旭薇,夏新新
徐欣慈,薛茵茵,严培路,叶佳佳,叶瑶茹,游冰清
张萌萌,张楠,张伟,赵鑫,周星莹,祝嫣媛
曹阔,陈前兵,高关明,蒋珉琦,林小聪,南智刚
虞舜强,赵振方,周家俊,周佳敏, , 
代宇,丁英巧,方瑜,高珊珊,胡轶衡,黄思莹
姜群,李玲玉,李壮壮,刘玥腾,宁萍,潘婷
苏宇,汪寒寒,项旖玮,许娇娇,张润,张锡锐
张嫣语,张志宇,章瑜,陈恩福,冯奇超,黄博
吕文宇,邱康健,魏绍彬,,,
杜洁,郭垸杏,胡秀琴,金费婷,潘寅寅,沈轶
孙佳敏,王波,韦海丽,邬瀚樊,叶丛,章怡
郑淑虹,钟静茹,何俊丰,梁哲彰,吕兆峰,申屠琪翔
盛宇磊,史家辉,唐若雷,魏来,吴志坚,俞升乐
庄启辉,蔡琪琦,毛金华,项显博,许翔锴,赵吾恂
徐泽龙,郭晓婷,郭一笑,何玲渝,黄艳婷,罗佳丽
麻乃郡,孙慧,王牵,韦玲,吴美圆,夏杉杉
徐史菲,薛皓戈,叶思文,曾诗喻,陈宇,程其华
程遥,何杰,洪晨昊,胡赞, , 
阿迪来·乌斯曼,曹丹萍,丁晓涵,段力新,方晓悦,郭海丽
何瑾,黄瑞舟,蒋星,李佳红,李铭,练子瑜
林珈如,刘晶,龙思宇,卢晓霞,陆伊雯,莫爽
宁雪倩,努尼沙古丽·西尔艾力,肉孜完古丽·买买提,施珊池,宋天悦,谢婉婷
许也,薛蒙媛,叶彤,张倩,张雅迪,郑婉娴
周倩倩,祝琳俏,蔡明春,丁彦彬,林锦韬,骆九州
毛旦恒,汪攀,谢晓晖,鄢凯,章城,周成文
祝超南,庄杰,鲁琦,郑乾璋,阎晓童,梁伟
郑凯琪,张馨璟,刘珊,叶茜茜,徐冰洁,宋佳明
金含,岑明英,陈小红,陈鑫妮,程紫轩,方依杨
葛晶瑞,葛亚玲,何媚,何珊珊,蒋莉燕,蒋灵燕
金牡丹,李斐,李思宏,李文烁,李英,廖云霄
刘慧利,楼怡扬,卢敏霞,米尔班·安尼外尔,沈麟颖,史圆亚
覃碧梅,王晓蓉,吴文琴,徐铮,姚玉霞,袁杭璐
袁君,再努热木·木塔力甫,张晓,章优丹,郑筱钰,周媛
朱城慧,蔡迪炯,方海岩,胡海铅,马瞻宇,缪鑫辉
汪欣晨,王流生,奚万松,杨天逸,张春鑫,郑人元
张雪虹,冯晓, , ,,
陈海丰,陈诗艳,陈彤彤,褚梦真,方小利,郜娅婷
李谊钰,梁欣,刘博涵,刘硕文,刘天昊,刘珍含
龙措吉,施小玲,施亚成,索田霞,姚彦彤,叶佳颖
赵双凤,李凡,陆佳琪,宋春浩,宋国安,杨有华
曾桓义,,,,,
潘寅寅,麻乃郡,章怡,胡秀琴,金费婷,黄艳婷
孙慧,沈轶,郭一笑,杜洁,韦玲,蔡琪琦
洪晨昊,何玲渝,夏杉杉 ,郭晓婷,叶思文,吴美圆 
韦海丽,王牵,邬瀚樊,史家辉,薛皓戈,钟静茹
郑淑虹,罗佳丽 ,王波,吴志坚,徐史菲,毛金华
程遥,唐若雷,吕兆峰,俞升乐,项显博,何俊丰
梁哲彰,孙佳敏,叶丛,盛宇磊,胡赞,许翔锴 
何杰,申屠琪翔,程其华 ,郭垸杏,赵吾恂,陈宇
徐泽龙,庄启辉,魏来,曾诗喻,,
谢超亚,陈吉,邓颖,董文琪,胡立梅,贾欣
李婷婷,李籽桥,林佳佳,罗淑贞,努苏拉提·阿尔肯,沈娇
姚秋如,章楚翘,朱安生,黄俊源,孔子源,刘子瑞
罗玥严,米尔阿迪力·木合塔尔江,王磊,王瑞,叶宇豪,余保成
曾浩衡,赵鸿志,,,,
胡伶雅,王宏展,邵晨睿,刘锦霞,王风云,郭晶晶
吕东能,盛双帅,钟佳霁,吴一飞,陈飞玉,张津铭
邵坚杨,朱凯辉,徐昊天,王洵,,
胡思琪,程梦婕,周凌燕,蔡子怡,潘林仙,胡丹
楼青昀,陈雨露,徐宇航,肖可,黄雅静,许静依
董珂,黄凯妍,夏晓梅,章幸,肖雨婷,平诗怡
朱瑾烨,吴瑞丰,叶宝,游义,孙治娟,詹丹阳
陈馨妮,韦乐田,卢寅腾,陈嘉怡,方欣,臧杨悦
张陈烨,凌佳乐,冯海霞,周晨儿,曹议丹,黄如玉
肖亚娟,吴文远,陈亭妃,方珦企,潘芳琴,董智今
张笑颜,蒋颖,林佳慧,邱淑婷,戴郑秋,朱比乐
郑琪,祝越,陈霞,陈寅寅,胡嘉敏,姜鉴峰
李庆鹏,梁梅,李慧,王惠敏,门寒,薛斯文
金璐,杨天逸,仇轶歆,钟琴,倪观忠,葛梦婷
马铭悦,徐姗姗,朱子媛,郝丽媛,沈薇婷,邓茜
俞浩杰,苏鹏,曾林梅,廖留杰,陶思晨,马晓磊
任礼醇,李祎楠,蒋妙嘉,吕静雯,毛婷,徐棋杰
李清清,柴彦君,肖先成,蓝红紫,刘双,潘雯月
童渝婷,张艺宁,陈崇红,李赞,刘念,毛慧敏
俞琳,楼缘,王梦奇,张海凤,陈文洁,赵婷
胡鸿彬,马千惠,李永佳,林琪,付小青,布帕太姆·阿卜杜热西提
艾丽皮热·艾合买提,阿曼尼萨·阿吉,李林蔚,谢合然提·依不拉音,娜迪热·热合曼,杨成
张建珍,,,,,
沈叶琴,陈腊娇,包卿,毛小军,杨立辉,
许芬,,,,,
王俊荆,孙燕,梁伟,杨士娟,李刚,田志美
瞿佳佳,金玲,崔嫱,曹志纯,蒋自然,
谢朝晖,沈红,,,,
戴茜,姜永见,欧玉婷,潘虹梅,李建武,肖绪信
巫正霞,兰晓晏,邹蕾,王俊,徐佩佩,刘旭
张婷,黄分霞,江沛,郭旋,,
张丽梅,楼庆梅,,,,
李 静,郑伟忠,伊继雪,唐兰兰,田成方,李洪伟
于海侠,肖来,耿占琪,潘华玲,徐磊,袁双
冯佳虹,商丽华,,,,
谢维光,李永霞,孙杰,贾广森,刘春雨,范莹莹
侯宝锁,杨艳,,,,
李永梅,李黎霞 ,陈慧,刘丹丹,石 磊,张璐璐
董建博,张明强,冯义雄,陈闻晨,王宁,
杨红,张燕,孙英倩,宦艳玲,李丹,俞今
王丽华,李琳琳,郑娜,马强,杨凯,刘德承
高春华,井 波,崇慧,文武,陆柳,周富华
周亮亮,段慧敏,陈莉,许靖,赵丹丹,倪敏
闵文华,刘玲,邱虎,曹林,吴勇,毛德玲
张运强,王海力,王亚丽,付海燕,潘玉侠,徐静
滕飞,傅新忠,,,,
孙丹,潘丹丹,田莹,金皙坤,吕飞,班远冲
郭丽娜,秦颖,蔡炜慧,李富东,周青,徐菁
叶园胜,周优光,褚丽君,肖荷芳,俞国军,王超
郭章英,张可欣,许想想,张健,沈璐,郑红宾
刘志刚,朱娅娅,刘正男,吴永昌,王静,
周国成,成晋松,王艳,王春辉,林德根,胡嘉贝
刘俊威,赵婷,李佐卿,沈佳,彭驰,杨俊虎
王黎,杨文,蒋慧云,朱兴,王春娟,李瑞霞
李云,陆小强,王玉,柳迪,徐进进,丁云
郦锋,王小春,曹光思,费娇娇,陈庆,沈洁
邹佳佳,张静,武志强,谢维,杨洋,曾祯
姚思佳,刘鹏发,刘晶莹,王铁岗,张明霞,董魏魏
李佳佳,侯琳,黄薇,,,
吴佳,王丽丹,王静,,,
蒋连飞,王 雪,刘梅花,魏 丹,,
吴 佳,王丽丹,王静,,,
施程,彭伟,肖翠,刘龙华,谷喜吉,范庆斌
杨萍,刘名瑜,赵西西,阮孟勇,朱继荣,俞以内
陆文晨,赵蕾,徐伟,金莉丹,,
潘妩妮,张兆昕,王琰琰,王梦雪,钱娟娟,秦杰
李伟,潘登,王婷婷,韩利栋,张玉夔,郭方强
吴珊珊,孙义飞,刘辰,李茜,禹杰,牛若铃
黄银兰,张乐,,,,
何书君,赵学良,,,,
徐金华,苏志鹄,赵庆磊,解雪峰,庞小笑,王梦琬
詹文娟,张姗姗,黄琼,朱灵子,毛竹君,郭浩
刘莉红,李岩,牛仕婷,高婷,张媚佳,于晶
梅敏花,曹媛媛,钱玲亚,吕晶晶,吴咚咚,
谭石柳,林奕冉,杨明娟,聂建超,张雪娜,王小梅
储汪生,陶姝沅,叶洪双,丁紫耀,李晓薇,施诚夏鸣
李琼,林敏,张琳,张雪娜,,
王 悦,汤瑷宾,吴麟,郦婷婷,,
王俊姣,钟细厚,肖中海,陈亚洁,褚和萍,王海燕
张蓉蓉,陈艳丽,程婷婷,王苗英,赵韵超,赖余贵
卜鹏,程龙娟,边华菁,吉茹,马丹萍,朱明雅
游康云,李文,黄秋香,庞征,孔祥忠,裴豪杰
吴卓婷,苑苗苗,高昱,屠君芳,童超,聂川云
朱为斌,黄秀婷,张超,马昭,郝晓斌,贺海霞
陶蕴之,张甜,梁琦珍,,,
陈伟,宋娜,梅丽萍,杨朝琳,孙雨辰,范浩
付惠玲,许海亚,邹艳艳,徐华正,龙珠,
许佳禄,黄杰,贺蕾,张冰颜,刘佳,张柳青
曾燕霞,程晓路,马佳妮,周尚飞,杨程,
王彩霞,王佳琳,田金坤,张曼,严行志,李允洁
闻欣然,张勇,钱启俊,宋强,王俊,何超
章云霞,,,,,
袁扬,张翔宇,陈晓娟,陈秋羽,崔彦琦,王彩霞
章丽倩,赵雅琼,张绍琛,陈赛狄,黄秋亚,武加成
陈宇琪,,,,,
张继敏,盘玉玲,韩玉兰,王娜,,
陈佳伟,谢添,郭东磊,崔霞,翟竟余,王佩
雷倩,宋倩云,谢晓君,袁泉,李华,来同丽
施洁莹,洪炜子,董振宇,,,
王聪聪,梅培茹,郭家俊,程锋,王玲玲,李娟
陈晓慧,谢家薇,王苗苗,邵靳,,
周云鹏,王敏,温振明,吴洋洋,潘超超,童丽颖
刘富强,林海意,何妍,莫东坡,,
许乔波,楼欣远,黄勃,刘玉巧,王骁驹,王庆
杨晓敏,安倬霖,陶晶,王茜,邵丽兰,杨柳青青
童坚,卓静,,,,
陈立云,宋文杰,康育龙,吴庆波,,
王光军,肖培源,蔡祥,伍欢
黎慧敏,张宁,姚瑶,徐婷,王雪娜,冯姝姝
李其闯,邵芳琪,,,,
